Workbook

Sheet Supuestos
A1: Hand Sing Kids — supuestos del modelo financiero (COP, año 1, una aula de música)
A3: Parámetro | B3: Valor | C3: Unidad | D3: Tipo | E3: Nota
A4: Tarifa de ingeniería junior | B4: 30000 | C4: COP/h | D4: Guía UPB | E4: Rango de la guía: 25.000 a 40.000
A5: Horas de desarrollo reportadas por PINT2 | B5: 120 | C5: h | D5: PINT2 | E5: Fuente secundaria interna, no verificada
A6: Horas de este corte (gobernanza, pruebas, documentación) | B6: 80 | C6: h | D6: SUPUESTO | E6: Validar con la bitácora del equipo
A7: Cámara web 720p y periféricos | B7: 300000 | C7: COP | D7: PINT2 | E7: Un kit por aula
A8: Soportes y materiales | B8: 150000 | C8: COP | D8: PINT2
A9: Configuración inicial y entorno | B9: 200000 | C9: COP | D9: PINT2 | E9: El software es de código abierto
A10: Licenciamiento de software | B10: 0 | C10: COP | D10: Verificable | E10: Dependencias de código abierto
A11: Horas de capacitación a docentes | B11: 4 | C11: h | D11: PINT2
A12: Costo hora docente | B12: 30000 | C12: COP/h | D12: PINT2 | E12: Validar con la nómina de la institución
A13: Consulta jurídica (Ley 1581 de 2012) | B13: 600000 | C13: COP | D13: SUPUESTO | E13: Datos de menores
A14: Mantenimiento y soporte anual | B14: 300000 | C14: COP | D14: PINT2
A15: Reposición anual de hardware | B15: 0.1 | C15: fracción | D15: SUPUESTO | E15: Sobre el costo del hardware
A16: Energía eléctrica anual | B16: 60000 | C16: COP | D16: SUPUESTO
A17: Infraestructura en la nube | B17: 0 | C17: COP | D17: Verificable | E17: El código no usa nube
A18: API de inteligencia artificial | B18: 0 | C18: COP | D18: Verificable | E18: El código no llama a ninguna API de IA
A19: Conectividad | B19: 0 | C19: COP | D19: Verificable | E19: La aplicación funciona sin internet
A20: Horas docentes de nivelación individual por semana | B20: 1 | C20: h | D20: PINT2 | E20: Reportado: 1,0 a 1,5 h; se usa el mínimo; medir en piloto
A21: Semanas lectivas | B21: 40 | C21: sem | D21: PINT2
A22: Gasto anual en papelería por aula | B22: 600000 | C22: COP | D22: PINT2 | E22: Fotocopias y cuadernos de caligrafía musical
A23: Instrumental no adquirido (solo escenario optimista) | B23: 1000000 | C23: COP | D23: PINT2 | E23: Beneficio discutible: no se incluye en el escenario base
A24: Aulas de música que adoptan el sistema en una institución | B24: 4 | C24: u | D24: SUPUESTO | E24: Solo escenario «Institución con 4 aulas»
A26: Factor de beneficios, escenario conservador | B26: 0.75
A27: Instituciones que comparten el desarrollo (escala) | B27: 3

Sheet Modelo
A1: Modelo financiero — escenario Base (un aula de música)
A3: Categoría | B3: Concepto | C3: Fórmula (detalle) | D3: Valor anual (COP)
A4: CAPEX | B4: Horas de ingeniería y desarrollo | C4: (horas PINT2 + horas del corte) × tarifa | D4: =(Supuestos!$B$5+Supuestos!$B$6)*Supuestos!$B$4
A5: CAPEX | B5: Cámara web, periféricos y soportes | C5: kit + prototipado | D5: =(Supuestos!$B$7+Supuestos!$B$8)
A6: CAPEX | B6: Licenciamiento y configuración inicial | C6: licencias + configuración | D6: =Supuestos!$B$10+Supuestos!$B$9
A7: CAPEX | B7: Capacitación a docentes | C7: horas × tarifa docente | D7: =Supuestos!$B$11*Supuestos!$B$12
A8: CAPEX | B8: Consulta jurídica de protección de datos | D8: =Supuestos!$B$13
B9: TOTAL CAPEX (I0) | D9: =SUM(D4:D8)
A11: OPEX | B11: Mantenimiento y soporte técnico | C11: anual | D11: =Supuestos!$B$14
A12: OPEX | B12: Reposición de hardware | C12: % × hardware | D12: =Supuestos!$B$15*(Supuestos!$B$7+Supuestos!$B$8)
A13: OPEX | B13: Energía eléctrica | D13: =Supuestos!$B$16
A14: OPEX | B14: Nube, API de IA y conectividad | C14: el código no los usa | D14: =Supuestos!$B$17+Supuestos!$B$18+Supuestos!$B$19
B15: TOTAL OPEX anual | D15: =SUM(D11:D14)
A17: BENEFICIO | B17: Ahorro de tiempo docente en nivelación individual | C17: h/sem × semanas × costo hora | D17: =Supuestos!$B$20*Supuestos!$B$21*Supuestos!$B$12
A18: BENEFICIO | B18: Reducción del gasto en papelería didáctica | C18: por aula y año | D18: =Supuestos!$B$22
B19: TOTAL BENEFICIOS BRUTOS anuales | D19: =SUM(D17:D18)
B21: Beneficio neto anual | D21: =D19-D15
B22: ROI calculado (año 1), % | D22: =D21/D9*100
B23: Beneficio neto mensual | D23: =D21/12
B24: Periodo de retorno (payback), meses | D24: =D9/D23

Sheet Escenarios
A1: Escenarios frente a los criterios de la guía
A3: Escenario | B3: CAPEX | C3: OPEX anual | D3: Beneficios brutos | E3: Beneficio neto | F3: ROI año 1 (%) | G3: Payback (meses) | H3: ¿ROI ≥ 30 %? | I3: ¿Payback ≤ 12 m?
A4: Conservador (beneficios -25 %) | B4: =Modelo!D9 | C4: =Modelo!D15 | D4: =Modelo!D19*Supuestos!$B$26 | E4: =D4-C4 | F4: =E4/B4*100 | G4: =B4/(E4/12) | H4: =IF(F4>=30,"Sí","No") | I4: =IF(G4<=12,"Sí","No")
A5: Base (1 aula) | B5: =Modelo!D9 | C5: =Modelo!D15 | D5: =Modelo!D19 | E5: =D5-C5 | F5: =E5/B5*100 | G5: =B5/(E5/12) | H5: =IF(F5>=30,"Sí","No") | I5: =IF(G5<=12,"Sí","No")
A6: Optimista (con instrumental evitado) | B6: =Modelo!D9 | C6: =Modelo!D15 | D6: =Modelo!D19+Supuestos!$B$23 | E6: =D6-C6 | F6: =E6/B6*100 | G6: =B6/(E6/12) | H6: =IF(F6>=30,"Sí","No") | I6: =IF(G6<=12,"Sí","No")
A7: Institución con 4 aulas | B7: =(Supuestos!$B$5+Supuestos!$B$6)*Supuestos!$B$4+Supuestos!$B$24*(Supuestos!$B$7+Supuestos!$B$8)+Supuestos!$B$10+Supuestos!$B$9+Supuestos!$B$24*Supuestos!$B$11*Supuestos!$B$12+Supuestos!$B$13 | C7: =Supuestos!$B$14+Supuestos!$B$24*(Supuestos!$B$15*(Supuestos!$B$7+Supuestos!$B$8)+Supuestos!$B$16) | D7: =Supuestos!$B$24*Modelo!D19 | E7: =D7-C7 | F7: =E7/B7*100 | G7: =B7/(E7/12) | H7: =IF(F7>=30,"Sí","No") | I7: =IF(G7<=12,"Sí","No")
A8: Escala (3 instituciones comparten el desarrollo) | B8: =Modelo!D9-(Supuestos!$B$5+Supuestos!$B$6)*Supuestos!$B$4+(Supuestos!$B$5+Supuestos!$B$6)*Supuestos!$B$4/Supuestos!$B$27 | C8: =Modelo!D15 | D8: =Modelo!D19 | E8: =D8-C8 | F8: =E8/B8*100 | G8: =B8/(E8/12) | H8: =IF(F8>=30,"Sí","No") | I8: =IF(G8<=12,"Sí","No")
A9: Escala y optimista | B9: =Modelo!D9-(Supuestos!$B$5+Supuestos!$B$6)*Supuestos!$B$4+(Supuestos!$B$5+Supuestos!$B$6)*Supuestos!$B$4/Supuestos!$B$27 | C9: =Modelo!D15 | D9: =Modelo!D19+Supuestos!$B$23 | E9: =D9-C9 | F9: =E9/B9*100 | G9: =B9/(E9/12) | H9: =IF(F9>=30,"Sí","No") | I9: =IF(G9<=12,"Sí","No")

Sheet Flujo acumulado
A1: Posición acumulada = −CAPEX + mes × beneficio neto mensual
A3: Mes | B3: Conservador | C3: Base | D3: Optimista | E3: Institución 4 aulas | F3: Escala | G3: Escala y optimista
A4: 0 | B4: =-Escenarios!$B$4+A4*Escenarios!$E$4/12 | C4: =-Escenarios!$B$5+A4*Escenarios!$E$5/12 | D4: =-Escenarios!$B$6+A4*Escenarios!$E$6/12 | E4: =-Escenarios!$B$7+A4*Escenarios!$E$7/12 | F4: =-Escenarios!$B$8+A4*Escenarios!$E$8/12 | G4: =-Escenarios!$B$9+A4*Escenarios!$E$9/12
A5: 1 | B5: =-Escenarios!$B$4+A5*Escenarios!$E$4/12 | C5: =-Escenarios!$B$5+A5*Escenarios!$E$5/12 | D5: =-Escenarios!$B$6+A5*Escenarios!$E$6/12 | E5: =-Escenarios!$B$7+A5*Escenarios!$E$7/12 | F5: =-Escenarios!$B$8+A5*Escenarios!$E$8/12 | G5: =-Escenarios!$B$9+A5*Escenarios!$E$9/12
A6: 2 | B6: =-Escenarios!$B$4+A6*Escenarios!$E$4/12 | C6: =-Escenarios!$B$5+A6*Escenarios!$E$5/12 | D6: =-Escenarios!$B$6+A6*Escenarios!$E$6/12 | E6: =-Escenarios!$B$7+A6*Escenarios!$E$7/12 | F6: =-Escenarios!$B$8+A6*Escenarios!$E$8/12 | G6: =-Escenarios!$B$9+A6*Escenarios!$E$9/12
A7: 3 | B7: =-Escenarios!$B$4+A7*Escenarios!$E$4/12 | C7: =-Escenarios!$B$5+A7*Escenarios!$E$5/12 | D7: =-Escenarios!$B$6+A7*Escenarios!$E$6/12 | E7: =-Escenarios!$B$7+A7*Escenarios!$E$7/12 | F7: =-Escenarios!$B$8+A7*Escenarios!$E$8/12 | G7: =-Escenarios!$B$9+A7*Escenarios!$E$9/12
A8: 4 | B8: =-Escenarios!$B$4+A8*Escenarios!$E$4/12 | C8: =-Escenarios!$B$5+A8*Escenarios!$E$5/12 | D8: =-Escenarios!$B$6+A8*Escenarios!$E$6/12 | E8: =-Escenarios!$B$7+A8*Escenarios!$E$7/12 | F8: =-Escenarios!$B$8+A8*Escenarios!$E$8/12 | G8: =-Escenarios!$B$9+A8*Escenarios!$E$9/12
A9: 5 | B9: =-Escenarios!$B$4+A9*Escenarios!$E$4/12 | C9: =-Escenarios!$B$5+A9*Escenarios!$E$5/12 | D9: =-Escenarios!$B$6+A9*Escenarios!$E$6/12 | E9: =-Escenarios!$B$7+A9*Escenarios!$E$7/12 | F9: =-Escenarios!$B$8+A9*Escenarios!$E$8/12 | G9: =-Escenarios!$B$9+A9*Escenarios!$E$9/12
A10: 6 | B10: =-Escenarios!$B$4+A10*Escenarios!$E$4/12 | C10: =-Escenarios!$B$5+A10*Escenarios!$E$5/12 | D10: =-Escenarios!$B$6+A10*Escenarios!$E$6/12 | E10: =-Escenarios!$B$7+A10*Escenarios!$E$7/12 | F10: =-Escenarios!$B$8+A10*Escenarios!$E$8/12 | G10: =-Escenarios!$B$9+A10*Escenarios!$E$9/12
A11: 7 | B11: =-Escenarios!$B$4+A11*Escenarios!$E$4/12 | C11: =-Escenarios!$B$5+A11*Escenarios!$E$5/12 | D11: =-Escenarios!$B$6+A11*Escenarios!$E$6/12 | E11: =-Escenarios!$B$7+A11*Escenarios!$E$7/12 | F11: =-Escenarios!$B$8+A11*Escenarios!$E$8/12 | G11: =-Escenarios!$B$9+A11*Escenarios!$E$9/12
A12: 8 | B12: =-Escenarios!$B$4+A12*Escenarios!$E$4/12 | C12: =-Escenarios!$B$5+A12*Escenarios!$E$5/12 | D12: =-Escenarios!$B$6+A12*Escenarios!$E$6/12 | E12: =-Escenarios!$B$7+A12*Escenarios!$E$7/12 | F12: =-Escenarios!$B$8+A12*Escenarios!$E$8/12 | G12: =-Escenarios!$B$9+A12*Escenarios!$E$9/12
A13: 9 | B13: =-Escenarios!$B$4+A13*Escenarios!$E$4/12 | C13: =-Escenarios!$B$5+A13*Escenarios!$E$5/12 | D13: =-Escenarios!$B$6+A13*Escenarios!$E$6/12 | E13: =-Escenarios!$B$7+A13*Escenarios!$E$7/12 | F13: =-Escenarios!$B$8+A13*Escenarios!$E$8/12 | G13: =-Escenarios!$B$9+A13*Escenarios!$E$9/12
A14: 10 | B14: =-Escenarios!$B$4+A14*Escenarios!$E$4/12 | C14: =-Escenarios!$B$5+A14*Escenarios!$E$5/12 | D14: =-Escenarios!$B$6+A14*Escenarios!$E$6/12 | E14: =-Escenarios!$B$7+A14*Escenarios!$E$7/12 | F14: =-Escenarios!$B$8+A14*Escenarios!$E$8/12 | G14: =-Escenarios!$B$9+A14*Escenarios!$E$9/12
A15: 11 | B15: =-Escenarios!$B$4+A15*Escenarios!$E$4/12 | C15: =-Escenarios!$B$5+A15*Escenarios!$E$5/12 | D15: =-Escenarios!$B$6+A15*Escenarios!$E$6/12 | E15: =-Escenarios!$B$7+A15*Escenarios!$E$7/12 | F15: =-Escenarios!$B$8+A15*Escenarios!$E$8/12 | G15: =-Escenarios!$B$9+A15*Escenarios!$E$9/12
... A64: 60 | B64: =-Escenarios!$B$4+A64*Escenarios!$E$4/12 | C64: =-Escenarios!$B$5+A64*Escenarios!$E$5/12 | D64: =-Escenarios!$B$6+A64*Escenarios!$E$6/12 | E64: =-Escenarios!$B$7+A64*Escenarios!$E$7/12 | F64: =-Escenarios!$B$8+A64*Escenarios!$E$8/12 | G64: =-Escenarios!$B$9+A64*Escenarios!$E$9/12
